[{"@type":"mappingTemplate","id":"@1","name":"Statistics","description":"","bundleVersion":"0","templateId":"@3","deployTime":1658080386000,"hasParameters":false,"valid":true,"fixedConnection":true,"hasParametersDeployed":false,"fixedConnectionDeployed":true,"tasks":0,"mappingPreviewFileRecordId":"@2","documentType":"MAPPING","references":[{"@type":"reference","refObjectId":"@8DOnVp3lYsohGgXgQwIbgB","refType":"businessService"},{"@type":"reference","refObjectId":"@5sGgk2ZBbz1cxr5V2M41gD","refType":"connection"},{"@type":"reference","refObjectId":"@8DOnVp3lYsohGgXgQwIbgB@Activity_Log","refType":"businessOperation"},{"@type":"reference","refObjectId":"@6ZHqvbPwYVNcYsiO6JV5OP","refType":"connection"}]}]