[{"@type":"fileRecord","id":"@4","name":"metadata","type":"JSON","size":18489,"attachTime":1657920427000},{"@type":"fileRecord","id":"@5","name":"request","type":"XSD","size":6588,"attachTime":1657920427000},{"@type":"fileRecord","id":"@6","name":"response","type":"XSD","size":27892,"attachTime":1657920427000},{"@type":"fileRecord","id":"@3","name":"fault","type":"XSD","size":6598,"attachTime":1657920427000},{"@type":"fileRecord","id":"@2","name":"extension","type":"XML","size":47230,"attachTime":1657920427000}]