[{"@type":"mappingTemplate","id":"@1","name":"FF_Mapping_S1","description":"removed","bundleVersion":"0","templateId":"@3","deployTime":1657046566000,"hasParameters":false,"valid":true,"fixedConnection":true,"hasParametersDeployed":false,"fixedConnectionDeployed":true,"tasks":3,"mappingPreviewFileRecordId":"@2","documentType":"MAPPING","references":[{"@type":"reference","refObjectId":"@2arWWwy76jnlYBXqRlokWC","refType":"connection"},{"@type":"reference","refObjectId":"@9isL7dAf1oDe4EFyZ0SBUy","refType":"mappletTemplate"}]}]