[{"@type":"mappingTemplate","id":"@1","name":"FF_Mapping_S1","description":"removed","bundleVersion":"0","templateId":"@3","deployTime":1658829219000,"hasParameters":false,"valid":true,"fixedConnection":true,"hasParametersDeployed":false,"fixedConnectionDeployed":true,"tasks":3,"mappingPreviewFileRecordId":"@2","documentType":"MAPPING","references":[{"@type":"reference","refObjectId":"@6bGzsfYp1CAiljxAwPnzIV","refType":"mappletTemplate"},{"@type":"reference","refObjectId":"@2i1JK7xPnW5kkjPs2LfxMr","refType":"connection"}]}]