[{"@type":"mappingTemplate","id":"@1","name":"FF_Mapping_S1","description":"removed","bundleVersion":"0","templateId":"@3","deployTime":1657044093000,"hasParameters":false,"valid":true,"fixedConnection":true,"hasParametersDeployed":false,"fixedConnectionDeployed":true,"tasks":2,"mappingPreviewFileRecordId":"@2","documentType":"MAPPING","references":[{"@type":"reference","refObjectId":"@2arWWwy76jnlYBXqRlokWC","refType":"connection"},{"@type":"reference","refObjectId":"@2y0FpAvKS7VhrwNiCHxdGW","refType":"mappletTemplate"}]}]